client_id;registration_date;region;age;total_orders
1;2024-04-24;ЦАО;65;1
2;2024-10-08;САО;32;3
3;2024-05-22;ЦАО;61;0
4;2025-07-12;ЦАО;55;2
5;2025-03-08;ЦАО;19;2
6;2024-04-05;САО;32;0
7;2025-06-01;ВАО;19;3
8;2025-07-28;САО;63;0
9;2025-07-12;ЮАО;32;2
10;2025-04-04;ВАО;35;1
11;2024-01-07;САО;62;4
12;2025-03-08;ЗАО;35;1
13;2024-06-08;САО;39;0
14;2024-04-14;ЦАО;42;1
15;2024-04-09;ЗАО;40;2
16;2024-09-27;ЦАО;64;2
17;2025-04-15;ВАО;25;5
18;2025-01-22;ЦАО;53;1
19;2024-10-27;ВАО;41;2
20;2025-08-14;САО;63;6
21;2024-03-12;ЦАО;60;3
22;2024-08-21;ЗАО;23;1
23;2024-08-26;ЦАО;42;3
24;2024-10-11;ЮАО;58;3
25;2025-01-08;САО;41;5
26;2024-12-29;САО;60;7
27;2024-09-30;ЦАО;56;5
28;2024-06-24;ВАО;64;4
29;2024-09-07;САО;47;1
30;2025-01-23;ЗАО;58;2
31;2025-07-24;САО;61;4
32;2024-11-28;ЦАО;32;3
33;2024-02-02;ЗАО;43;1
34;2024-10-01;ЦАО;31;7
35;2025-08-03;ЗАО;31;2
36;2025-05-26;ЮАО;59;8
37;2025-04-14;САО;34;4
38;2024-05-22;САО;65;1
39;2025-07-28;ВАО;34;1
40;2025-08-21;ЮАО;55;1
41;2025-02-12;ЗАО;32;2
42;2024-05-21;ВАО;49;1
43;2024-04-03;ЦАО;25;0
44;2024-06-05;САО;61;0
45;2025-03-08;ВАО;22;3
46;2025-01-29;ЮАО;56;3
47;2025-04-24;ВАО;34;2
48;2025-07-20;ЦАО;61;2
49;2024-04-27;ВАО;35;0
50;2024-12-14;ЦАО;36;3
51;2025-03-21;САО;47;0
52;2024-01-04;ЗАО;50;4
53;2024-07-01;ВАО;24;2
54;2024-11-01;ВАО;56;1
55;2024-07-22;САО;41;0
56;2024-06-14;ВАО;51;1
57;2024-01-01;ВАО;38;2
58;2025-05-15;ЦАО;25;0
59;2025-01-06;ЗАО;33;2
60;2024-02-29;САО;54;3
61;2024-03-21;ЦАО;64;3
62;2025-05-12;ЦАО;52;1
63;2024-05-08;САО;60;3
64;2025-05-01;ВАО;28;1
65;2024-09-28;ВАО;56;3
66;2025-03-09;САО;52;1
67;2024-07-24;ЗАО;43;1
68;2025-01-17;ЮАО;51;2
69;2025-04-07;ЦАО;33;1
70;2024-08-18;ЦАО;39;2
71;2024-01-22;ВАО;53;5
72;2024-08-23;ВАО;32;4
73;2024-01-08;ЦАО;63;2
74;2024-03-01;САО;22;1
75;2024-02-02;ЗАО;22;2
76;2025-06-10;САО;35;4
77;2025-05-12;САО;52;2
78;2024-05-15;ВАО;54;4
79;2025-04-29;САО;48;4
80;2025-02-20;САО;24;0
81;2024-04-09;ЮАО;40;2
82;2025-03-09;ЮАО;47;4
83;2024-02-25;ЦАО;21;2
84;2025-02-16;ЗАО;24;1
85;2024-09-11;САО;30;3
86;2025-07-03;ЮАО;26;3
87;2025-03-08;САО;35;2
88;2025-04-18;САО;22;1
89;2025-03-29;ВАО;24;0
90;2024-02-21;ВАО;18;2
91;2024-04-05;САО;28;2
92;2025-02-20;ЮАО;48;1
93;2024-08-06;ЮАО;21;1
94;2024-06-17;ЮАО;18;5
95;2025-02-03;ЗАО;47;1
96;2024-10-19;ЮАО;62;3
97;2025-07-23;ЮАО;27;2
98;2024-07-13;ЗАО;31;1
99;2024-02-29;ВАО;65;2
100;2025-07-09;ЦАО;65;2
101;2024-11-17;ЦАО;21;3
102;2025-08-21;ЮАО;50;3
103;2025-06-27;САО;21;1
104;2025-06-04;ЦАО;29;4
105;2024-03-11;ВАО;22;2
106;2024-08-28;ЮАО;25;5
107;2025-08-06;САО;55;3
108;2024-02-10;ВАО;23;3
109;2025-03-05;ВАО;54;2
110;2025-06-19;ЗАО;34;1
111;2024-07-28;ЗАО;33;2
112;2024-09-28;ЮАО;26;4
113;2024-11-03;ЮАО;38;2
114;2024-03-15;ЦАО;47;1
115;2025-07-30;ЦАО;22;1
116;2025-07-04;САО;50;0
117;2024-09-28;САО;40;1
118;2024-03-11;САО;41;6
119;2024-10-18;САО;46;1
120;2025-07-10;ЗАО;57;0
121;2025-06-25;ЦАО;60;2
122;2025-07-21;ЗАО;60;4
123;2024-04-16;САО;34;2
124;2024-04-28;ЦАО;65;3
125;2025-07-20;САО;35;6
126;2024-10-15;ВАО;31;4
127;2024-12-17;САО;61;3
128;2024-09-27;ВАО;49;4
129;2024-09-14;ЦАО;23;3
130;2025-03-09;ЗАО;20;2
131;2024-01-04;ЗАО;26;1
132;2024-09-25;САО;65;1
133;2025-03-28;ВАО;63;2
134;2025-03-13;ВАО;18;5
135;2024-04-24;ЦАО;62;2
136;2024-06-01;ВАО;20;1
137;2025-01-13;ВАО;53;2
138;2024-05-31;ЮАО;26;0
139;2024-02-12;ЗАО;41;7
140;2024-02-10;ЗАО;31;2
141;2024-09-12;ЦАО;40;1
142;2025-07-27;ЮАО;57;4
143;2024-06-07;САО;28;5
144;2024-06-30;ЮАО;19;4
145;2024-07-02;ЗАО;44;2
146;2024-09-11;ЗАО;28;4
147;2024-04-20;ЮАО;20;3
148;2025-04-26;САО;30;2
149;2025-04-16;ЗАО;37;6
150;2024-08-21;САО;19;2
151;2024-07-16;ЮАО;39;2
152;2024-10-12;ЦАО;35;2
153;2024-12-25;ВАО;43;3
154;2025-07-03;ЗАО;19;4
155;2024-04-28;ЗАО;29;2
156;2025-08-17;ЗАО;20;2
157;2024-04-21;ВАО;45;3
158;2024-12-19;ЗАО;45;5
159;2025-06-07;ЦАО;42;2
160;2025-08-13;САО;34;4
161;2024-02-15;ЮАО;18;1
162;2025-06-16;ВАО;61;2
163;2024-07-20;ЗАО;45;2
164;2024-03-12;ЗАО;57;4
165;2024-11-17;ЦАО;64;2
166;2024-11-03;ВАО;37;4
167;2025-02-22;ЗАО;43;1
168;2024-10-29;ВАО;26;1
169;2024-07-15;ЮАО;60;1
170;2025-01-23;САО;57;5
171;2025-08-05;ЗАО;43;2
172;2025-07-15;ЦАО;37;3
173;2024-10-20;САО;45;1
174;2025-08-16;ВАО;59;4
175;2024-11-25;ЮАО;46;2
176;2025-03-28;САО;50;6
177;2025-04-29;САО;60;5
178;2024-03-27;ЗАО;50;2
179;2024-12-09;ЦАО;33;3
180;2024-11-13;САО;30;3
181;2024-05-30;ЦАО;20;2
182;2024-09-07;ЮАО;57;1
183;2024-03-15;ЮАО;44;3
184;2025-08-12;САО;63;3
185;2025-01-28;ЮАО;43;3
186;2024-09-06;САО;59;5
187;2024-01-06;ЦАО;45;3
188;2024-08-12;САО;62;3
189;2025-06-14;ЮАО;21;4
190;2025-07-24;САО;25;3
191;2025-04-12;САО;47;2
192;2025-06-27;ВАО;56;2
193;2024-11-20;ЮАО;57;2
194;2025-05-31;ЮАО;53;3
195;2025-04-01;САО;65;3
196;2025-05-01;ЮАО;34;4
197;2024-09-10;ЗАО;51;6
198;2025-05-11;САО;35;4
199;2025-03-26;ЦАО;63;5
200;2024-10-19;САО;35;1
