order_id;client_id;order_date;delivery_zone;delivery_cost;order_sum;payment_type;status
1000;86;2025-11-24;ВАО;318;1053;карта;доставлен
1001;107;2025-03-05;САО;499;304;наличные;доставлен
1002;77;2026-02-04;ЮАО;449;383;карта;доставлен
1003;172;2026-02-19;САО;473;378;карта;доставлен
1004;165;2026-03-15;САО;225;572;карта;отменён
1005;72;2026-03-08;ЗАО;209;819;наличные;доставлен
1006;52;2025-01-21;ВАО;442;221;карта;доставлен
1007;197;2026-01-13;САО;283;483;карта;доставлен
1008;184;2025-07-23;ЦАО;252;431;карта;доставлен
1009;18;2026-06-03;ЗАО;450;275;наличные;доставлен
1010;112;2025-06-30;ВАО;475;830;наличные;возврат
1011;63;2026-04-21;ВАО;372;416;наличные;доставлен
1012;91;2025-09-22;ЗАО;484;447;наличные;доставлен
1013;126;2025-09-04;ЮАО;429;205;наличные;доставлен
1014;79;2026-01-13;ЮАО;417;1028;наличные;доставлен
1015;81;2025-05-03;ВАО;298;563;карта;возврат
1016;50;2025-10-31;САО;207;1203;наличные;доставлен
1017;27;2025-01-13;ВАО;425;698;наличные;доставлен
1018;126;2025-03-17;ВАО;277;198;карта;доставлен
1019;196;2026-03-03;ВАО;467;714;карта;доставлен
1020;16;2025-04-12;САО;241;722;наличные;доставлен
1021;105;2026-04-07;ВАО;318;469;карта;доставлен
1022;170;2025-07-22;ЮАО;276;548;карта;доставлен
1023;192;2025-10-23;ЮАО;406;934;наличные;доставлен
1024;111;2025-11-27;ВАО;317;933;карта;доставлен
1025;72;2025-07-05;ВАО;246;703;наличные;доставлен
1026;178;2026-05-23;ЗАО;481;295;наличные;доставлен
1027;30;2026-02-18;ВАО;477;529;карта;доставлен
1028;195;2025-02-22;САО;347;646;карта;доставлен
1029;142;2025-01-15;ВАО;258;904;карта;доставлен
1030;107;2026-05-10;ЮАО;396;529;карта;доставлен
1031;88;2026-06-04;ЗАО;352;1092;наличные;доставлен
1032;196;2026-01-22;ЮАО;322;971;карта;отменён
1033;170;2025-06-05;ЮАО;457;802;карта;возврат
1034;105;2025-06-08;ЦАО;373;908;наличные;доставлен
1035;139;2025-02-06;ВАО;316;140;наличные;доставлен
1036;114;2025-06-20;ЗАО;366;228;карта;отменён
1037;63;2026-06-28;ЮАО;287;268;карта;доставлен
1038;60;2026-04-18;ЗАО;438;951;карта;доставлен
1039;164;2026-03-11;ЗАО;301;827;наличные;доставлен
1040;180;2025-10-30;ЦАО;340;135;наличные;возврат
1041;74;2025-08-24;ВАО;297;660;карта;доставлен
1042;149;2026-01-09;САО;367;916;наличные;доставлен
1043;70;2025-06-18;ЗАО;351;487;наличные;отменён
1044;143;2026-01-10;ЦАО;335;1009;карта;доставлен
1045;28;2025-08-28;ЮАО;313;404;наличные;доставлен
1046;36;2025-02-16;ЦАО;259;395;наличные;доставлен
1047;95;2026-03-06;ВАО;412;458;карта;доставлен
1048;56;2026-03-31;ЮАО;250;772;наличные;возврат
1049;117;2025-04-04;САО;225;585;карта;доставлен
1050;151;2025-08-10;САО;201;564;карта;доставлен
1051;34;2025-01-16;ЗАО;365;455;карта;доставлен
1052;135;2025-04-27;ЦАО;462;825;наличные;доставлен
1053;16;2026-05-06;ЮАО;451;415;карта;доставлен
1054;160;2025-11-29;ЮАО;432;793;наличные;возврат
1055;185;2025-08-09;ЮАО;411;738;карта;доставлен
1056;171;2025-09-19;ЗАО;234;102;наличные;возврат
1057;34;2025-03-03;ВАО;262;788;наличные;возврат
1058;130;2025-08-06;САО;255;677;карта;доставлен
1059;144;2025-01-27;ВАО;214;328;наличные;отменён
1060;37;2026-02-15;ЦАО;246;1070;карта;доставлен
1061;199;2025-03-28;ЦАО;241;676;карта;доставлен
1062;194;2026-06-09;ЦАО;345;991;карта;доставлен
1063;53;2025-11-05;САО;348;614;наличные;доставлен
1064;137;2025-08-24;ВАО;236;448;наличные;доставлен
1065;147;2026-02-19;ЮАО;210;745;наличные;доставлен
1066;112;2026-02-15;ВАО;373;489;наличные;доставлен
1067;136;2026-06-07;САО;379;249;наличные;отменён
1068;155;2025-06-06;ЦАО;437;1091;наличные;доставлен
1069;121;2026-03-29;ЗАО;380;588;карта;доставлен
1070;166;2025-04-03;ВАО;436;920;наличные;доставлен
1071;129;2025-06-04;ЦАО;243;1133;наличные;доставлен
1072;41;2026-01-08;ЗАО;409;362;наличные;отменён
1073;174;2026-01-31;ЗАО;370;182;карта;доставлен
1074;34;2025-03-28;ЗАО;265;842;наличные;доставлен
1075;197;2026-05-13;САО;279;96;карта;доставлен
1076;10;2025-12-11;ВАО;278;654;наличные;доставлен
1077;174;2025-09-01;ЮАО;319;748;наличные;доставлен
1078;119;2025-10-16;ЮАО;282;558;наличные;доставлен
1079;96;2025-04-16;ВАО;242;557;наличные;отменён
1080;57;2026-04-07;ЗАО;227;891;наличные;отменён
1081;82;2025-04-12;ЗАО;219;909;карта;доставлен
1082;5;2025-09-20;САО;256;244;наличные;доставлен
1083;118;2025-03-06;ЦАО;474;644;наличные;доставлен
1084;75;2026-03-16;ЦАО;492;863;карта;доставлен
1085;142;2025-01-21;ЮАО;398;298;карта;отменён
1086;198;2025-12-07;САО;289;1243;наличные;доставлен
1087;12;2025-07-24;ЦАО;463;831;наличные;доставлен
1088;168;2025-12-06;ЗАО;423;779;наличные;доставлен
1089;133;2025-10-01;ЦАО;420;954;карта;доставлен
1090;79;2026-04-02;ВАО;427;691;карта;доставлен
1091;20;2026-02-20;ЗАО;215;377;карта;доставлен
1092;200;2026-01-11;ЗАО;278;619;карта;доставлен
1093;94;2026-02-12;ЗАО;258;575;карта;доставлен
1094;31;2025-09-26;ЗАО;346;622;карта;доставлен
1095;23;2025-11-24;ЗАО;353;710;наличные;доставлен
1096;36;2025-08-31;ЮАО;439;1200;наличные;доставлен
1097;148;2025-03-17;САО;430;1172;карта;возврат
1098;197;2025-05-13;ЮАО;263;895;карта;доставлен
1099;21;2025-09-14;САО;264;772;наличные;доставлен
1100;149;2025-06-07;САО;488;130;наличные;доставлен
1101;68;2025-08-04;ВАО;454;797;карта;доставлен
1102;177;2025-03-03;САО;437;610;наличные;доставлен
1103;103;2025-05-14;ЗАО;363;441;карта;доставлен
1104;25;2025-02-21;ЗАО;327;337;наличные;отменён
1105;132;2026-04-24;ЮАО;211;348;наличные;отменён
1106;150;2025-12-28;ЦАО;440;714;наличные;доставлен
1107;196;2026-02-17;ЗАО;491;752;карта;доставлен
1108;160;2025-05-02;САО;391;901;наличные;возврат
1109;129;2025-02-11;ЦАО;442;1238;наличные;доставлен
1110;190;2025-11-03;ВАО;488;638;наличные;доставлен
1111;150;2025-11-12;ЦАО;496;753;наличные;доставлен
1112;9;2025-04-23;САО;414;420;наличные;доставлен
1113;189;2025-03-05;САО;444;880;наличные;доставлен
1114;157;2026-05-11;САО;485;621;наличные;возврат
1115;82;2026-05-07;ЗАО;347;388;наличные;доставлен
1116;198;2025-05-30;ЗАО;377;745;карта;доставлен
1117;36;2025-04-22;ВАО;324;465;карта;доставлен
1118;26;2026-02-28;ЗАО;270;430;карта;доставлен
1119;123;2025-07-24;ЗАО;245;814;карта;доставлен
1120;48;2025-10-24;ЦАО;371;778;карта;доставлен
1121;50;2025-04-26;ЗАО;331;370;наличные;доставлен
1122;45;2026-02-20;ЮАО;405;391;карта;доставлен
1123;2;2025-09-25;ЮАО;368;428;наличные;доставлен
1124;171;2025-05-02;ЮАО;457;343;наличные;доставлен
1125;40;2026-04-11;ВАО;475;444;наличные;доставлен
1126;20;2025-04-25;ЦАО;493;921;карта;доставлен
1127;184;2026-05-16;ЦАО;228;1168;наличные;отменён
1128;173;2025-11-12;ЦАО;311;716;карта;доставлен
1129;121;2025-02-02;ЗАО;415;642;карта;доставлен
1130;35;2025-12-23;ЦАО;470;220;наличные;доставлен
1131;109;2026-06-29;ЮАО;435;542;карта;доставлен
1132;158;2025-01-17;САО;217;471;карта;доставлен
1133;139;2025-08-11;ЦАО;319;1001;наличные;доставлен
1134;71;2025-03-04;ВАО;418;864;карта;отменён
1135;179;2026-03-03;ЮАО;294;1243;наличные;доставлен
1136;106;2026-03-03;ВАО;324;535;наличные;доставлен
1137;186;2025-07-15;ЦАО;237;571;карта;доставлен
1138;78;2025-01-16;САО;445;433;карта;отменён
1139;199;2025-10-17;ЮАО;357;968;наличные;доставлен
1140;195;2025-11-24;САО;223;1223;наличные;доставлен
1141;76;2025-06-06;САО;491;772;наличные;доставлен
1142;118;2025-06-22;ЗАО;294;913;наличные;доставлен
1143;36;2025-08-25;ЦАО;311;1111;карта;доставлен
1144;2;2026-06-29;ВАО;471;741;карта;доставлен
1145;46;2025-04-20;ЦАО;298;1005;карта;доставлен
1146;145;2025-09-07;САО;216;284;карта;доставлен
1147;15;2025-01-10;САО;369;984;наличные;доставлен
1148;20;2025-10-15;ВАО;291;732;карта;доставлен
1149;145;2025-09-04;ВАО;476;721;наличные;доставлен
1150;26;2026-03-24;САО;403;635;наличные;доставлен
1151;97;2026-03-19;САО;243;707;наличные;доставлен
1152;190;2026-02-03;ЗАО;202;477;карта;доставлен
1153;111;2026-04-05;ВАО;252;236;наличные;доставлен
1154;154;2025-11-29;ЮАО;398;474;наличные;доставлен
1155;176;2026-01-25;САО;337;746;наличные;доставлен
1156;20;2026-01-05;ЗАО;300;711;наличные;отменён
1157;85;2026-03-27;ЗАО;353;640;карта;доставлен
1158;75;2026-05-18;ВАО;392;563;наличные;доставлен
1159;47;2025-01-28;ЮАО;424;466;карта;отменён
1160;65;2025-06-07;ЮАО;429;1008;карта;доставлен
1161;164;2025-03-29;ЦАО;285;833;наличные;доставлен
1162;57;2026-06-07;ВАО;428;836;карта;доставлен
1163;76;2026-03-02;ЦАО;378;766;карта;доставлен
1164;25;2026-03-25;ЮАО;222;264;наличные;доставлен
1165;190;2025-09-07;ВАО;369;1014;карта;доставлен
1166;102;2025-01-30;ВАО;419;911;наличные;отменён
1167;48;2026-01-10;ЗАО;334;815;карта;доставлен
1168;91;2026-04-14;ВАО;243;307;наличные;доставлен
1169;96;2025-05-25;ВАО;494;1065;карта;доставлен
1170;143;2025-06-20;ЮАО;361;927;карта;доставлен
1171;144;2026-06-02;ЮАО;412;685;наличные;доставлен
1172;9;2025-10-09;САО;434;926;карта;доставлен
1173;139;2025-02-12;ЮАО;252;364;наличные;доставлен
1174;113;2025-05-01;САО;419;535;наличные;доставлен
1175;90;2026-06-30;ЗАО;365;279;карта;доставлен
1176;71;2025-05-10;САО;326;957;наличные;доставлен
1177;163;2025-04-06;ЮАО;388;606;наличные;доставлен
1178;17;2026-02-12;САО;453;565;карта;возврат
1179;125;2025-12-18;ЦАО;208;545;наличные;доставлен
1180;52;2025-05-16;ЗАО;247;314;наличные;доставлен
1181;186;2025-08-28;ЮАО;200;372;карта;доставлен
1182;175;2026-04-01;ЦАО;261;1171;наличные;доставлен
1183;27;2025-11-17;ЗАО;395;646;карта;отменён
1184;167;2025-06-18;ЮАО;277;620;карта;доставлен
1185;187;2026-01-29;ЗАО;271;227;наличные;возврат
1186;185;2025-10-19;ЦАО;305;1111;наличные;доставлен
1187;127;2026-01-31;ЦАО;470;292;карта;доставлен
1188;108;2026-01-10;ВАО;237;144;наличные;доставлен
1189;11;2025-03-03;ЮАО;416;1017;наличные;доставлен
1190;53;2025-06-09;ВАО;358;891;карта;доставлен
1191;156;2025-02-26;ЗАО;261;325;карта;доставлен
1192;134;2026-06-14;ЗАО;337;260;карта;доставлен
1193;17;2025-09-27;ВАО;433;689;наличные;доставлен
1194;198;2025-04-16;ВАО;316;1095;карта;доставлен
1195;46;2025-02-06;ВАО;314;478;наличные;доставлен
1196;31;2026-05-30;ЦАО;405;394;карта;доставлен
1197;23;2026-04-13;ЦАО;488;668;наличные;доставлен
1198;188;2025-09-09;САО;212;484;наличные;доставлен
1199;189;2025-11-11;ЦАО;414;586;карта;доставлен
1200;180;2026-01-17;ЮАО;497;418;карта;возврат
1201;152;2025-03-05;ЮАО;321;432;карта;доставлен
1202;60;2025-03-18;САО;279;550;карта;доставлен
1203;31;2026-01-02;САО;335;135;наличные;доставлен
1204;11;2025-08-09;ЗАО;382;893;карта;доставлен
1205;143;2025-09-13;ЦАО;262;202;карта;доставлен
1206;96;2025-03-28;ВАО;211;347;карта;доставлен
1207;32;2025-02-13;ЮАО;402;765;наличные;доставлен
1208;72;2026-04-02;САО;351;823;карта;доставлен
1209;108;2025-07-24;ВАО;395;886;карта;доставлен
1210;100;2025-10-04;САО;215;768;карта;доставлен
1211;64;2025-09-04;ЗАО;312;867;карта;доставлен
1212;152;2025-01-29;ЗАО;488;758;карта;отменён
1213;24;2025-02-27;САО;469;495;карта;доставлен
1214;83;2025-03-02;ЦАО;256;837;карта;доставлен
1215;78;2025-11-27;САО;449;914;наличные;возврат
1216;97;2025-11-11;ЗАО;493;726;карта;доставлен
1217;27;2026-05-24;САО;321;676;карта;доставлен
1218;54;2025-09-13;ЦАО;200;314;карта;доставлен
1219;106;2026-05-20;ЮАО;251;937;наличные;доставлен
1220;82;2025-09-25;ЦАО;392;452;карта;доставлен
1221;124;2025-02-01;ЮАО;422;313;карта;отменён
1222;179;2025-09-29;ЗАО;225;792;карта;доставлен
1223;23;2025-10-29;ВАО;213;406;карта;доставлен
1224;102;2026-04-28;ЮАО;246;1105;наличные;отменён
1225;113;2026-04-22;ЗАО;488;369;наличные;доставлен
1226;139;2026-02-28;ВАО;398;1033;карта;доставлен
1227;183;2025-02-05;ВАО;261;738;карта;доставлен
1228;21;2026-03-22;САО;332;539;карта;возврат
1229;71;2026-06-17;ЮАО;500;1145;карта;отменён
1230;28;2025-04-14;ЗАО;410;709;наличные;отменён
1231;37;2026-02-16;ЦАО;321;387;наличные;доставлен
1232;78;2025-11-15;ЗАО;316;459;карта;доставлен
1233;155;2025-04-02;САО;448;1398;наличные;доставлен
1234;146;2025-01-30;САО;229;364;карта;доставлен
1235;71;2026-01-13;ЮАО;215;608;карта;доставлен
1236;142;2025-12-25;ЗАО;246;372;наличные;доставлен
1237;166;2025-08-19;САО;462;331;наличные;доставлен
1238;154;2025-01-09;САО;340;901;наличные;доставлен
1239;160;2026-02-11;ВАО;487;970;наличные;доставлен
1240;164;2025-11-29;ЗАО;296;499;наличные;доставлен
1241;175;2025-05-24;ЦАО;332;626;наличные;доставлен
1242;176;2026-05-03;ЗАО;485;341;карта;доставлен
1243;186;2025-07-07;ЗАО;381;304;карта;доставлен
1244;76;2026-04-20;ЦАО;441;600;карта;доставлен
1245;14;2025-06-04;САО;409;992;наличные;возврат
1246;86;2025-07-01;ЗАО;431;1040;карта;доставлен
1247;158;2026-03-21;ЮАО;396;362;наличные;доставлен
1248;4;2025-11-26;ВАО;327;241;карта;доставлен
1249;151;2025-11-10;САО;352;952;карта;доставлен
1250;126;2026-01-03;САО;209;548;наличные;доставлен
1251;130;2025-06-23;ЦАО;392;604;карта;доставлен
1252;177;2025-04-29;ЮАО;480;694;карта;доставлен
1253;170;2026-06-17;ЗАО;414;410;карта;доставлен
1254;128;2025-07-23;ВАО;467;371;наличные;доставлен
1255;128;2025-08-01;ЮАО;206;348;карта;доставлен
1256;24;2026-06-08;ЦАО;331;430;карта;доставлен
1257;45;2025-02-10;ЗАО;418;78;наличные;доставлен
1258;85;2026-01-02;ЮАО;247;710;наличные;возврат
1259;99;2026-05-05;ЮАО;257;462;карта;доставлен
1260;146;2026-03-25;САО;214;417;наличные;доставлен
1261;17;2025-09-25;ЗАО;373;1002;карта;доставлен
1262;39;2025-02-25;ЦАО;458;966;карта;доставлен
1263;72;2025-02-21;ВАО;406;532;наличные;доставлен
1264;128;2026-04-03;ЗАО;209;301;наличные;доставлен
1265;1;2025-04-04;ВАО;460;1023;наличные;возврат
1266;197;2026-04-30;ЗАО;249;400;карта;доставлен
1267;134;2026-01-18;ЦАО;452;275;карта;доставлен
1268;31;2026-02-07;САО;373;113;карта;доставлен
1269;32;2026-04-07;ЮАО;455;374;карта;доставлен
1270;124;2026-06-05;САО;265;254;карта;доставлен
1271;156;2025-09-12;ЗАО;350;827;наличные;доставлен
1272;81;2025-08-11;САО;376;947;наличные;доставлен
1273;182;2025-04-29;ЗАО;473;246;наличные;доставлен
1274;172;2025-02-27;САО;346;558;карта;доставлен
1275;92;2026-04-09;ЦАО;487;669;карта;доставлен
1276;176;2025-11-17;ВАО;303;914;наличные;доставлен
1277;199;2025-07-18;ЗАО;295;598;карта;доставлен
1278;143;2025-09-28;САО;202;737;наличные;доставлен
1279;199;2025-11-05;ЮАО;237;1056;наличные;доставлен
1280;107;2026-02-18;ЦАО;369;566;карта;доставлен
1281;30;2025-12-21;ЮАО;220;386;карта;доставлен
1282;7;2026-06-14;ЗАО;449;143;наличные;доставлен
1283;25;2025-06-21;ВАО;307;250;карта;доставлен
1284;166;2025-03-15;САО;219;82;наличные;доставлен
1285;19;2025-08-22;ЗАО;407;479;наличные;доставлен
1286;17;2025-02-16;ЦАО;348;434;карта;доставлен
1287;122;2025-06-10;ВАО;479;500;наличные;доставлен
1288;32;2025-02-12;ЦАО;475;616;наличные;доставлен
1289;37;2025-06-14;САО;299;610;наличные;доставлен
1290;166;2025-03-16;ЗАО;250;529;наличные;доставлен
1291;26;2025-10-19;ВАО;362;1074;карта;доставлен
1292;94;2025-11-20;ЮАО;326;319;наличные;доставлен
1293;123;2026-04-19;ЮАО;449;996;наличные;доставлен
1294;188;2025-03-20;ЦАО;497;942;карта;отменён
1295;94;2026-02-06;САО;268;821;наличные;отменён
1296;158;2025-06-19;ВАО;291;1231;карта;доставлен
1297;17;2025-09-28;ЗАО;465;713;карта;доставлен
1298;27;2026-06-18;ЗАО;496;957;наличные;доставлен
1299;133;2025-09-15;ЮАО;464;826;карта;возврат
1300;36;2026-03-27;САО;308;615;наличные;доставлен
1301;170;2025-08-24;ЮАО;446;1030;карта;доставлен
1302;33;2025-06-14;САО;493;541;карта;доставлен
1303;154;2025-01-20;ЗАО;429;928;карта;отменён
1304;160;2026-06-08;ЗАО;432;692;наличные;доставлен
1305;134;2026-06-01;ЮАО;290;850;карта;доставлен
1306;139;2025-01-02;ЮАО;222;1099;наличные;доставлен
1307;26;2026-03-12;САО;242;681;карта;доставлен
1308;148;2026-06-20;ЦАО;305;354;наличные;доставлен
1309;65;2025-09-25;ВАО;341;704;наличные;доставлен
1310;65;2025-11-11;ВАО;270;348;наличные;доставлен
1311;26;2025-08-08;ВАО;481;785;наличные;доставлен
1312;112;2025-04-01;ЦАО;240;970;наличные;доставлен
1313;15;2025-06-29;ЮАО;465;405;карта;доставлен
1314;62;2025-01-01;САО;404;585;наличные;доставлен
1315;24;2025-10-19;ВАО;377;686;наличные;отменён
1316;45;2026-02-21;ВАО;457;505;карта;доставлен
1317;178;2026-03-30;ЮАО;373;931;карта;доставлен
1318;174;2025-08-24;ЗАО;464;888;наличные;доставлен
1319;20;2025-07-02;ЮАО;493;792;карта;доставлен
1320;68;2025-07-31;САО;382;205;карта;доставлен
1321;158;2025-01-07;ВАО;390;861;наличные;возврат
1322;193;2025-05-12;ЦАО;444;1028;наличные;доставлен
1323;118;2025-11-20;ЦАО;394;995;карта;доставлен
1324;69;2026-04-28;ВАО;455;865;карта;доставлен
1325;147;2025-05-15;ВАО;338;635;карта;доставлен
1326;122;2025-01-10;САО;464;1385;карта;доставлен
1327;177;2025-06-17;ЦАО;443;421;наличные;доставлен
1328;144;2025-09-21;ЗАО;379;1311;карта;доставлен
1329;125;2026-04-03;ЦАО;437;665;наличные;доставлен
1330;104;2025-03-15;ЦАО;360;383;карта;доставлен
1331;134;2026-04-07;ЮАО;264;207;карта;доставлен
1332;25;2025-03-07;ЮАО;403;853;карта;доставлен
1333;59;2025-09-11;ЗАО;267;1165;карта;доставлен
1334;70;2026-04-01;САО;433;1201;карта;возврат
1335;79;2026-01-10;ЮАО;205;419;наличные;доставлен
1336;137;2025-01-09;ЮАО;353;239;наличные;отменён
1337;141;2026-01-18;САО;402;603;наличные;доставлен
1338;109;2025-09-03;ВАО;345;787;наличные;доставлен
1339;164;2026-04-12;ВАО;296;792;наличные;доставлен
1340;73;2025-10-03;САО;319;327;карта;доставлен
1341;108;2025-11-16;ЮАО;216;600;наличные;возврат
1342;140;2026-04-27;САО;395;182;наличные;доставлен
1343;189;2025-02-04;САО;466;499;карта;доставлен
1344;191;2026-06-18;ЦАО;301;384;наличные;доставлен
1345;4;2025-06-21;ЗАО;324;386;наличные;доставлен
1346;177;2025-06-08;ЗАО;280;706;карта;доставлен
1347;28;2025-05-09;ЮАО;424;362;наличные;доставлен
1348;11;2026-05-12;ЮАО;297;1399;наличные;доставлен
1349;42;2025-03-12;ВАО;334;928;наличные;доставлен
1350;5;2026-01-08;ВАО;475;1092;карта;доставлен
1351;83;2026-02-24;ЗАО;222;512;карта;доставлен
1352;26;2025-02-02;ВАО;450;655;наличные;доставлен
1353;21;2026-04-25;ЦАО;388;246;наличные;доставлен
1354;78;2025-03-21;САО;251;537;карта;возврат
1355;146;2025-07-03;ВАО;254;706;наличные;доставлен
1356;87;2025-06-11;ВАО;380;801;наличные;возврат
1357;186;2025-11-28;ВАО;392;635;карта;доставлен
1358;153;2025-01-17;ВАО;203;371;наличные;доставлен
1359;142;2026-06-08;ВАО;248;432;карта;доставлен
1360;94;2025-09-13;САО;247;962;наличные;доставлен
1361;25;2025-11-04;ЦАО;240;308;наличные;доставлен
1362;198;2025-08-21;ВАО;227;845;наличные;отменён
1363;129;2025-08-15;САО;428;1033;наличные;доставлен
1364;34;2025-12-11;ЦАО;480;522;карта;доставлен
1365;196;2025-05-19;ЮАО;402;860;наличные;доставлен
1366;176;2025-04-02;ЦАО;387;612;наличные;доставлен
1367;90;2026-03-29;ВАО;319;493;карта;доставлен
1368;63;2025-06-01;ЗАО;356;799;карта;доставлен
1369;134;2025-09-22;ВАО;209;956;карта;доставлен
1370;179;2025-10-05;ЦАО;234;468;карта;доставлен
1371;98;2026-06-05;ЦАО;472;421;наличные;отменён
1372;183;2025-01-23;ЦАО;370;1029;наличные;доставлен
1373;61;2026-05-29;ЗАО;398;493;наличные;доставлен
1374;101;2025-05-21;ЦАО;413;648;карта;доставлен
1375;115;2025-05-15;САО;270;834;карта;доставлен
1376;82;2025-03-11;ВАО;294;750;карта;доставлен
1377;191;2025-10-08;САО;267;424;карта;доставлен
1378;60;2025-08-25;ЦАО;268;916;наличные;доставлен
1379;50;2025-08-20;ЦАО;338;759;карта;доставлен
1380;177;2025-11-29;ЮАО;407;304;наличные;отменён
1381;157;2026-06-22;ЦАО;433;385;наличные;доставлен
1382;143;2026-02-01;ВАО;297;531;карта;доставлен
1383;76;2025-02-25;ВАО;431;407;наличные;отменён
1384;35;2026-02-07;ЮАО;291;697;карта;доставлен
1385;184;2025-05-07;ЦАО;385;546;наличные;доставлен
1386;41;2026-01-23;ВАО;371;991;карта;доставлен
1387;187;2026-04-02;ЗАО;267;140;карта;доставлен
1388;140;2025-01-06;ВАО;311;662;карта;отменён
1389;159;2025-08-01;ЦАО;378;336;карта;доставлен
1390;77;2025-12-06;ЦАО;291;485;наличные;доставлен
1391;93;2025-02-06;ЦАО;388;816;наличные;доставлен
1392;85;2026-06-24;ЮАО;229;380;карта;доставлен
1393;181;2025-10-22;ЮАО;332;949;наличные;доставлен
1394;127;2025-07-04;ВАО;299;67;наличные;доставлен
1395;189;2025-08-01;ВАО;223;605;наличные;возврат
1396;66;2025-03-11;ЗАО;203;304;наличные;доставлен
1397;158;2025-01-30;САО;445;949;наличные;доставлен
1398;106;2025-02-27;ВАО;484;782;наличные;доставлен
1399;87;2026-01-20;ВАО;295;708;наличные;доставлен
1400;61;2026-01-16;ЮАО;310;962;наличные;доставлен
1401;7;2026-05-10;ВАО;447;938;наличные;доставлен
1402;186;2025-02-07;ЮАО;202;513;карта;доставлен
1403;197;2025-11-16;ЦАО;307;416;наличные;доставлен
1404;172;2025-05-01;ЗАО;258;396;наличные;доставлен
1405;139;2025-12-25;ВАО;345;1063;карта;доставлен
1406;34;2025-01-30;ЮАО;254;445;карта;отменён
1407;162;2026-04-02;ВАО;301;1083;наличные;доставлен
1408;176;2026-04-22;ЮАО;273;839;карта;доставлен
1409;125;2025-01-31;ЦАО;445;1139;наличные;доставлен
1410;104;2025-04-20;ЗАО;354;914;карта;доставлен
1411;99;2025-03-09;ЗАО;422;804;наличные;доставлен
1412;125;2025-04-28;ВАО;484;340;наличные;доставлен
1413;154;2025-04-22;ВАО;367;425;наличные;доставлен
1414;194;2025-05-31;САО;399;827;наличные;доставлен
1415;112;2025-12-19;ЦАО;265;329;наличные;доставлен
1416;29;2025-10-16;ЦАО;362;703;наличные;доставлен
1417;36;2025-07-12;ВАО;413;433;наличные;доставлен
1418;37;2026-05-14;ЮАО;243;557;карта;возврат
1419;131;2026-03-11;ВАО;381;413;наличные;доставлен
1420;183;2026-05-29;ЗАО;217;357;наличные;доставлен
1421;149;2026-05-09;ЦАО;438;924;наличные;доставлен
1422;149;2025-11-16;ВАО;473;482;наличные;доставлен
1423;188;2025-12-06;ЮАО;348;422;наличные;доставлен
1424;149;2025-06-23;ВАО;213;883;наличные;доставлен
1425;34;2025-10-15;ЗАО;257;1218;карта;отменён
1426;125;2025-07-05;ВАО;243;683;наличные;отменён
1427;61;2026-03-27;САО;227;701;наличные;доставлен
1428;122;2026-06-30;САО;442;766;наличные;доставлен
1429;174;2025-11-20;ВАО;249;1071;карта;доставлен
1430;101;2026-04-18;САО;466;543;карта;доставлен
1431;26;2026-06-22;ЦАО;312;266;наличные;доставлен
1432;153;2025-08-11;ВАО;244;833;карта;доставлен
1433;170;2025-03-19;ЮАО;418;561;наличные;отменён
1434;100;2025-12-07;ЦАО;291;671;наличные;доставлен
1435;28;2025-05-28;ВАО;254;475;карта;доставлен
1436;199;2026-04-02;ЦАО;200;226;карта;отменён
1437;101;2025-01-04;ВАО;444;550;наличные;доставлен
1438;146;2026-01-03;ЗАО;228;403;наличные;доставлен
1439;195;2025-10-24;САО;396;189;карта;доставлен
1440;125;2025-03-28;ЮАО;218;459;карта;доставлен
1441;165;2025-11-12;ЮАО;208;158;наличные;доставлен
1442;104;2025-05-02;САО;474;266;наличные;доставлен
1443;126;2025-01-20;ЮАО;324;434;карта;отменён
1444;157;2025-06-24;ВАО;258;478;карта;доставлен
1445;84;2025-05-04;ВАО;309;198;наличные;доставлен
1446;71;2025-05-25;ЮАО;483;667;наличные;доставлен
1447;162;2026-01-21;САО;241;180;наличные;доставлен
1448;73;2026-03-03;ЮАО;273;812;карта;доставлен
1449;153;2025-07-04;ЮАО;354;397;карта;доставлен
1450;159;2026-01-06;ВАО;306;340;наличные;доставлен
1451;46;2025-06-13;ЦАО;345;306;наличные;доставлен
1452;27;2025-02-23;ВАО;448;961;карта;доставлен
1453;192;2025-11-30;САО;316;331;наличные;доставлен
1454;19;2026-04-28;ВАО;274;451;наличные;доставлен
1455;118;2025-07-18;ЗАО;371;342;карта;возврат
1456;118;2026-03-05;САО;351;1156;карта;доставлен
1457;122;2026-04-19;ЗАО;326;516;наличные;доставлен
1458;147;2025-01-06;ЮАО;440;829;карта;возврат
1459;22;2025-01-13;ЮАО;383;509;карта;отменён
1460;181;2026-04-16;ВАО;432;1059;карта;доставлен
1461;161;2025-03-14;ЮАО;471;263;наличные;отменён
1462;139;2025-08-01;ЦАО;228;952;наличные;доставлен
1463;94;2025-06-29;ВАО;270;769;карта;доставлен
1464;193;2025-08-19;ЗАО;457;685;наличные;доставлен
1465;135;2025-05-06;ЮАО;431;685;наличные;доставлен
1466;20;2025-04-22;САО;454;481;карта;доставлен
1467;34;2026-05-01;ЗАО;349;262;карта;доставлен
1468;106;2025-12-18;ЗАО;434;562;наличные;доставлен
1469;124;2026-01-16;ЗАО;275;697;карта;доставлен
1470;47;2025-06-29;САО;221;813;карта;доставлен
1471;144;2025-02-05;ЗАО;390;816;карта;возврат
1472;118;2025-11-24;САО;351;1022;наличные;доставлен
1473;36;2025-04-30;ЗАО;428;373;карта;доставлен
1474;197;2025-10-12;САО;244;1086;наличные;доставлен
1475;102;2025-06-01;ЮАО;206;513;наличные;доставлен
1476;187;2026-03-31;ЮАО;283;821;наличные;доставлен
1477;86;2025-03-09;ВАО;203;801;карта;доставлен
1478;52;2025-07-10;ЮАО;221;691;наличные;доставлен
1479;7;2025-01-03;САО;263;785;наличные;доставлен
1480;127;2025-03-10;ВАО;489;932;наличные;доставлен
1481;67;2025-06-16;ВАО;436;477;наличные;доставлен
1482;163;2025-12-31;ЦАО;463;460;карта;доставлен
1483;176;2025-11-05;ЗАО;249;969;наличные;доставлен
1484;106;2025-12-15;САО;457;739;карта;доставлен
1485;180;2025-04-27;ЮАО;259;517;карта;доставлен
1486;36;2026-03-29;ВАО;288;329;наличные;доставлен
1487;79;2025-05-09;САО;417;64;карта;доставлен
1488;11;2025-07-21;ЦАО;440;67;карта;доставлен
1489;194;2025-04-09;ЦАО;500;464;карта;отменён
1490;149;2025-12-23;ЗАО;458;747;карта;доставлен
1491;2;2025-04-12;САО;387;1279;наличные;отменён
1492;59;2026-02-22;ЦАО;263;1029;наличные;доставлен
1493;185;2025-02-11;ЦАО;397;520;карта;доставлен
1494;110;2025-07-13;ЦАО;388;392;наличные;отменён
1495;169;2025-03-29;ЦАО;252;286;наличные;доставлен
1496;104;2025-05-06;САО;342;892;наличные;доставлен
1497;38;2026-04-11;ЦАО;454;459;наличные;доставлен
1498;128;2025-01-28;САО;278;781;наличные;доставлен
1499;52;2025-10-28;ЮАО;477;565;наличные;доставлен
